HASH MD5,SENHA
0e549aa4a36ede9c67097e8f1072dafa,##fsf
0e549aa4a36ede9c67097e8f1072dafa,##fsf
0e549aa4a36ede9c67097e8f1072dafa,##fsf
0e549aa4a36ede9c67097e8f1072dafa,##fsf
0e549aa4a36ede9c67097e8f1072dafa,##fsf
0e549aa4a36ede9c67097e8f1072dafa,##fsf
1d18be116388d7d3fcd0ec0dd42b8d52,$vRCJ
1d18be116388d7d3fcd0ec0dd42b8d52,$vRCJ
1d18be116388d7d3fcd0ec0dd42b8d52,$vRCJ
1d18be116388d7d3fcd0ec0dd42b8d52,$vRCJ
1d18be116388d7d3fcd0ec0dd42b8d52,$vRCJ
1d18be116388d7d3fcd0ec0dd42b8d52,$vRCJ
1a6b76d84300cb40797a630c797f8aaa,*#NRc
1a6b76d84300cb40797a630c797f8aaa,*#NRc
1a6b76d84300cb40797a630c797f8aaa,*#NRc
1a6b76d84300cb40797a630c797f8aaa,*#NRc
1a6b76d84300cb40797a630c797f8aaa,*#NRc
1a6b76d84300cb40797a630c797f8aaa,*#NRc
5a16f53859f8f1c9a601967c06631dd4,aI$Fh
5a16f53859f8f1c9a601967c06631dd4,aI$Fh
5a16f53859f8f1c9a601967c06631dd4,aI$Fh
5a16f53859f8f1c9a601967c06631dd4,aI$Fh
5a16f53859f8f1c9a601967c06631dd4,aI$Fh
5a16f53859f8f1c9a601967c06631dd4,aI$Fh
15dd41acc5efaa8aea4a7d01cd69c523,dsfag
15dd41acc5efaa8aea4a7d01cd69c523,dsfag
15dd41acc5efaa8aea4a7d01cd69c523,dsfag
15dd41acc5efaa8aea4a7d01cd69c523,dsfag
15dd41acc5efaa8aea4a7d01cd69c523,dsfag
15dd41acc5efaa8aea4a7d01cd69c523,dsfag
3899ee20e60b3ef9772978a349f46ca0,m&7OT
3899ee20e60b3ef9772978a349f46ca0,m&7OT
3899ee20e60b3ef9772978a349f46ca0,m&7OT
3899ee20e60b3ef9772978a349f46ca0,m&7OT
3899ee20e60b3ef9772978a349f46ca0,m&7OT
3899ee20e60b3ef9772978a349f46ca0,m&7OT
8baecf4245dea00140772cf4f4c2a6c4,rD%2&
8baecf4245dea00140772cf4f4c2a6c4,rD%2&
8baecf4245dea00140772cf4f4c2a6c4,rD%2&
8baecf4245dea00140772cf4f4c2a6c4,rD%2&
8baecf4245dea00140772cf4f4c2a6c4,rD%2&
8baecf4245dea00140772cf4f4c2a6c4,rD%2&
7c3953e43f5be028902a8a02e074cf05,vZ!FG
7c3953e43f5be028902a8a02e074cf05,vZ!FG
7c3953e43f5be028902a8a02e074cf05,vZ!FG
7c3953e43f5be028902a8a02e074cf05,vZ!FG
7c3953e43f5be028902a8a02e074cf05,vZ!FG
7c3953e43f5be028902a8a02e074cf05,vZ!FG
7d001a86ac707d9c12a47d1fe5166b3a,!HgPYl
6dd7db4d761e0cf724f354965ab18779,#KVUOj
96b3b4fbd1d872adb0b548b3539190d7,@L27cd
